id,placeId,commonsFileName,filePageUrl,license,attributionName,licenseConfirmedFromFilePage,attributionVerified,readyForRelease,publicationFile,rightsChecklist
chodovska-tvrz-01,chodovska-tvrz,Chodovská tvrz z nadhledu 1.jpg,https://commons.wikimedia.org/wiki/File:Chodovsk%C3%A1_tvrz_z_nadhledu_1.jpg,CC BY-SA 3.0,Luděk Kovář,True,True,False,/images/chodovska-tvrz-01.webp,"Před vydáním zkontrolovat autora, licenci a její aktuální stav přímo na stránce souboru; zachovat povinné atribuce a informaci o úpravách."
chodovska-tvrz-02,chodovska-tvrz,Praha Chodovská tvrz vstup.jpg,https://commons.wikimedia.org/wiki/File:Praha_Chodovsk%C3%A1_tvrz_vstup.jpg,CC BY 2.5,Packa,True,True,False,/images/chodovska-tvrz-02.webp,"Před vydáním zkontrolovat autora, licenci a její aktuální stav přímo na stránce souboru; zachovat povinné atribuce a informaci o úpravách."
chodovska-tvrz-03,chodovska-tvrz,"Chodovská tvrz, přístupový most, v pozadí Sborový dům Milíče z Kroměříže.jpg",https://commons.wikimedia.org/wiki/File:Chodovsk%C3%A1_tvrz%2C_p%C5%99%C3%ADstupov%C3%BD_most%2C_v_pozad%C3%AD_Sborov%C3%BD_d%C5%AFm_Mil%C3%AD%C4%8De_z_Krom%C4%9B%C5%99%C3%AD%C5%BEe.jpg,CC BY-SA 3.0,ŠJů,True,True,False,/images/chodovska-tvrz-03.webp,"Před vydáním zkontrolovat autora, licenci a její aktuální stav přímo na stránce souboru; zachovat povinné atribuce a informaci o úpravách."
kunraticky-les-01,kunraticky-les,"Kunratický les, Kunratický potok.jpg",https://commons.wikimedia.org/wiki/File:Kunratick%C3%BD_les%2C_Kunratick%C3%BD_potok.jpg,CC BY 4.0,ŠJů,True,True,False,/images/kunraticky-les-01.webp,"Před vydáním zkontrolovat autora, licenci a její aktuální stav přímo na stránce souboru; zachovat povinné atribuce a informaci o úpravách."
kunraticky-les-02,kunraticky-les,"Praha, Kunratice, les.jpg",https://commons.wikimedia.org/wiki/File:Praha%2C_Kunratice%2C_les.jpg,CC BY-SA 4.0,Aktron,True,True,False,/images/kunraticky-les-02.webp,"Před vydáním zkontrolovat autora, licenci a její aktuální stav přímo na stránce souboru; zachovat povinné atribuce a informaci o úpravách."
kunraticky-les-03,kunraticky-les,"Kunratický les, Kunratický potok, mezi Hrádkem a restaurací U krále Václava IV.jpg",https://commons.wikimedia.org/wiki/File:Kunratick%C3%BD_les%2C_Kunratick%C3%BD_potok%2C_mezi_Hr%C3%A1dkem_a_restaurac%C3%AD_U_kr%C3%A1le_V%C3%A1clava_IV.jpg,CC BY 4.0,ŠJů,True,True,False,/images/kunraticky-les-03.webp,"Před vydáním zkontrolovat autora, licenci a její aktuální stav přímo na stránce souboru; zachovat povinné atribuce a informaci o úpravách."
kunraticky-les-04,kunraticky-les,"Studánka U Klenotů, Kunratický les.jpg",https://commons.wikimedia.org/wiki/File:Stud%C3%A1nka_U_Klenot%C5%AF%2C_Kunratick%C3%BD_les.jpg,CC BY-SA 4.0,Hedvika Šimková,True,True,False,/images/kunraticky-les-04.webp,"Před vydáním zkontrolovat autora, licenci a její aktuální stav přímo na stránce souboru; zachovat povinné atribuce a informaci o úpravách."
westfield-chodov-01,westfield-chodov,Westfield Chodov.jpg,https://commons.wikimedia.org/wiki/File:Westfield_Chodov.jpg,CC BY-SA 4.0,TobiasSkopek,True,True,False,/images/westfield-chodov-01.webp,"Před vydáním zkontrolovat autora, licenci a její aktuální stav přímo na stránce souboru; zachovat povinné atribuce a informaci o úpravách."
westfield-chodov-02,westfield-chodov,Westfield Chodov - interiér.jpg,https://commons.wikimedia.org/wiki/File:Westfield_Chodov_-_interi%C3%A9r.jpg,CC BY-SA 4.0,Venturosa,True,True,False,/images/westfield-chodov-02.webp,"Před vydáním zkontrolovat autora, licenci a její aktuální stav přímo na stránce souboru; zachovat povinné atribuce a informaci o úpravách."
westfield-chodov-03,westfield-chodov,Westfield Chodov - stropní průhled.jpg,https://commons.wikimedia.org/wiki/File:Westfield_Chodov_-_stropn%C3%AD_pr%C5%AFhled.jpg,CC BY-SA 4.0,Venturosa,True,True,False,/images/westfield-chodov-03.webp,"Před vydáním zkontrolovat autora, licenci a její aktuální stav přímo na stránce souboru; zachovat povinné atribuce a informaci o úpravách."
hostivarska-prehrada-01,hostivarska-prehrada,Hostivařská přehrada 2022.jpg,https://commons.wikimedia.org/wiki/File:Hostiva%C5%99sk%C3%A1_p%C5%99ehrada_2022.jpg,CC BY-SA 4.0,Praguegirl15,True,True,False,/images/hostivarska-prehrada-01.webp,"Před vydáním zkontrolovat autora, licenci a její aktuální stav přímo na stránce souboru; zachovat povinné atribuce a informaci o úpravách."
hostivarska-prehrada-02,hostivarska-prehrada,Hostivařská přehrada.jpg,https://commons.wikimedia.org/wiki/File:Hostiva%C5%99sk%C3%A1_p%C5%99ehrada.jpg,CC BY-SA 3.0,ŠJů,True,True,False,/images/hostivarska-prehrada-02.webp,"Před vydáním zkontrolovat autora, licenci a její aktuální stav přímo na stránce souboru; zachovat povinné atribuce a informaci o úpravách."
pruhonicky-park-01,pruhonicky-park,Průhonický park a zámek.jpg,https://commons.wikimedia.org/wiki/File:Pr%C5%AFhonick%C3%BD_park_a_z%C3%A1mek.jpg,CC BY-SA 4.0,,True,False,False,/images/pruhonicky-park-01.webp,"Před vydáním zkontrolovat autora, licenci a její aktuální stav přímo na stránce souboru; zachovat povinné atribuce a informaci o úpravách."
pruhonicky-park-02,pruhonicky-park,Průhonický park - Gloriet 01.jpg,https://commons.wikimedia.org/wiki/File:Pr%C5%AFhonick%C3%BD_park_-_Gloriet_01.jpg,CC BY-SA 4.0,Petr1888,True,True,False,/images/pruhonicky-park-02.webp,"Před vydáním zkontrolovat autora, licenci a její aktuální stav přímo na stránce souboru; zachovat povinné atribuce a informaci o úpravách."
pruhonicky-park-03,pruhonicky-park,Průhonický park - Podzámecký rybník 03.jpg,https://commons.wikimedia.org/wiki/File:Pr%C5%AFhonick%C3%BD_park_-_Podz%C3%A1meck%C3%BD_rybn%C3%ADk_03.jpg,CC BY-SA 4.0,Petr1888,True,True,False,/images/pruhonicky-park-03.webp,"Před vydáním zkontrolovat autora, licenci a její aktuální stav přímo na stránce souboru; zachovat povinné atribuce a informaci o úpravách."
dendrologicka-zahrada-01,dendrologicka-zahrada,"Průhonice, Dendrologická zahrada, od Újezda.jpg",https://commons.wikimedia.org/wiki/File:Pr%C5%AFhonice%2C_Dendrologick%C3%A1_zahrada%2C_od_%C3%9Ajezda.jpg,CC BY-SA 4.0,ŠJů,True,True,False,/images/dendrologicka-zahrada-01.webp,"Před vydáním zkontrolovat autora, licenci a její aktuální stav přímo na stránce souboru; zachovat povinné atribuce a informaci o úpravách."
dendrologicka-zahrada-02,dendrologicka-zahrada,Dendrologická zahrada Průhonice kameny.jpg,https://commons.wikimedia.org/wiki/File:Dendrologick%C3%A1_zahrada_Pr%C5%AFhonice_kameny.jpg,CC BY-SA 4.0,,True,False,False,/images/dendrologicka-zahrada-02.webp,"Před vydáním zkontrolovat autora, licenci a její aktuální stav přímo na stránce souboru; zachovat povinné atribuce a informaci o úpravách."
dendrologicka-zahrada-03,dendrologicka-zahrada,Dendrologická zahrada Průhonice Černý rybník 2.jpg,https://commons.wikimedia.org/wiki/File:Dendrologick%C3%A1_zahrada_Pr%C5%AFhonice_%C4%8Cern%C3%BD_rybn%C3%ADk_2.jpg,CC BY-SA 4.0,,True,False,False,/images/dendrologicka-zahrada-03.webp,"Před vydáním zkontrolovat autora, licenci a její aktuální stav přímo na stránce souboru; zachovat povinné atribuce a informaci o úpravách."
dendrologicka-zahrada-04,dendrologicka-zahrada,Dendrologická zahrada Průhonice vřes 4.jpg,https://commons.wikimedia.org/wiki/File:Dendrologick%C3%A1_zahrada_Pr%C5%AFhonice_v%C5%99es_4.jpg,CC BY-SA 4.0,,True,False,False,/images/dendrologicka-zahrada-04.webp,"Před vydáním zkontrolovat autora, licenci a její aktuální stav přímo na stránce souboru; zachovat povinné atribuce a informaci o úpravách."
aquapalace-praha-01,aquapalace-praha,Hotel Aquapalace Prague.jpg,https://commons.wikimedia.org/wiki/File:Hotel_Aquapalace_Prague.jpg,CC BY 4.0,,True,False,False,/images/aquapalace-praha-01.webp,"Před vydáním zkontrolovat autora, licenci a její aktuální stav přímo na stránce souboru; zachovat povinné atribuce a informaci o úpravách."
hamersky-rybnik-01,hamersky-rybnik,"Hamerský rybník, Záběhlice, Praha.jpg",https://commons.wikimedia.org/wiki/File:Hamersk%C3%BD_rybn%C3%ADk%2C_Z%C3%A1b%C4%9Bhlice%2C_Praha.jpg,CC BY-SA 4.0,,True,False,False,/images/hamersky-rybnik-01.webp,"Před vydáním zkontrolovat autora, licenci a její aktuální stav přímo na stránce souboru; zachovat povinné atribuce a informaci o úpravách."
hamersky-rybnik-02,hamersky-rybnik,"Hamerský rybník, ostrov, od východu.jpg",https://commons.wikimedia.org/wiki/File:Hamersk%C3%BD_rybn%C3%ADk%2C_ostrov%2C_od_v%C3%BDchodu.jpg,CC BY-SA 3.0,ŠJů,True,True,False,/images/hamersky-rybnik-02.webp,"Před vydáním zkontrolovat autora, licenci a její aktuální stav přímo na stránce souboru; zachovat povinné atribuce a informaci o úpravách."
hamersky-rybnik-03,hamersky-rybnik,"Hamerský rybník, od východu.jpg",https://commons.wikimedia.org/wiki/File:Hamersk%C3%BD_rybn%C3%ADk%2C_od_v%C3%BDchodu.jpg,CC BY-SA 3.0,ŠJů,True,True,False,/images/hamersky-rybnik-03.webp,"Před vydáním zkontrolovat autora, licenci a její aktuální stav přímo na stránce souboru; zachovat povinné atribuce a informaci o úpravách."
prazsky-hrad-01,prazsky-hrad,Prague Castle.jpg,https://commons.wikimedia.org/wiki/File:Prague_Castle.jpg,CC BY-SA 3.0,Yair Haklai,True,True,False,/images/prazsky-hrad-01.webp,"Před vydáním zkontrolovat autora, licenci a její aktuální stav přímo na stránce souboru; zachovat povinné atribuce a informaci o úpravách."
prazsky-hrad-02,prazsky-hrad,Prague - Prague Castle.jpg,https://commons.wikimedia.org/wiki/File:Prague_-_Prague_Castle.jpg,CC BY-SA 4.0,P. Hughes,True,True,False,/images/prazsky-hrad-02.webp,"Před vydáním zkontrolovat autora, licenci a její aktuální stav přímo na stránce souboru; zachovat povinné atribuce a informaci o úpravách."
prazsky-hrad-03,prazsky-hrad,"Prague Castle, Prague, Czech Republic.jpg",https://commons.wikimedia.org/wiki/File:Prague_Castle%2C_Prague%2C_Czech_Republic.jpg,CC BY-SA 3.0,Harini.rajagopal,True,True,False,/images/prazsky-hrad-03.webp,"Před vydáním zkontrolovat autora, licenci a její aktuální stav přímo na stránce souboru; zachovat povinné atribuce a informaci o úpravách."
prazsky-hrad-04,prazsky-hrad,Pražský hrad.jpg,https://commons.wikimedia.org/wiki/File:Pra%C5%BEsk%C3%BD_hrad.jpg,CC BY 3.0,Dezidor,True,True,False,/images/prazsky-hrad-04.webp,"Před vydáním zkontrolovat autora, licenci a její aktuální stav přímo na stránce souboru; zachovat povinné atribuce a informaci o úpravách."
prazsky-hrad-05,prazsky-hrad,"Prague Castle, St Vita Cathedral, November 1993.jpg",https://commons.wikimedia.org/wiki/File:Prague_Castle%2C_St_Vita_Cathedral%2C_November_1993.jpg,CC BY-SA 4.0,Infrogmation,True,True,False,/images/prazsky-hrad-05.webp,"Před vydáním zkontrolovat autora, licenci a její aktuální stav přímo na stránce souboru; zachovat povinné atribuce a informaci o úpravách."
karluv-most-01,karluv-most,Charles Bridge.jpg,https://commons.wikimedia.org/wiki/File:Charles_Bridge.jpg,CC BY-SA 3.0,,True,False,False,/images/karluv-most-01.webp,"Před vydáním zkontrolovat autora, licenci a její aktuální stav přímo na stránce souboru; zachovat povinné atribuce a informaci o úpravách."
karluv-most-02,karluv-most,Charles Bridge Prague.jpg,https://commons.wikimedia.org/wiki/File:Charles_Bridge_Prague.jpg,CC BY-SA 4.0,DOWIMA,True,True,False,/images/karluv-most-02.webp,"Před vydáním zkontrolovat autora, licenci a její aktuální stav přímo na stránce souboru; zachovat povinné atribuce a informaci o úpravách."
karluv-most-03,karluv-most,"Charles Bridge, Prague.jpg",https://commons.wikimedia.org/wiki/File:Charles_Bridge%2C_Prague.jpg,CC BY-SA 3.0,,True,False,False,/images/karluv-most-03.webp,"Před vydáním zkontrolovat autora, licenci a její aktuální stav přímo na stránce souboru; zachovat povinné atribuce a informaci o úpravách."
karluv-most-04,karluv-most,Charles Bridge Prague September 2016-1.jpg,https://commons.wikimedia.org/wiki/File:Charles_Bridge_Prague_September_2016-1.jpg,CC BY-SA 4.0,Alvesgaspar,True,True,False,/images/karluv-most-04.webp,"Před vydáním zkontrolovat autora, licenci a její aktuální stav přímo na stránce souboru; zachovat povinné atribuce a informaci o úpravách."
karluv-most-05,karluv-most,"Charles Bridge, Prague 01.jpg",https://commons.wikimedia.org/wiki/File:Charles_Bridge%2C_Prague_01.jpg,CC BY-SA 3.0,LibertinaGrim,True,True,False,/images/karluv-most-05.webp,"Před vydáním zkontrolovat autora, licenci a její aktuální stav přímo na stránce souboru; zachovat povinné atribuce a informaci o úpravách."
staromestska-radnice-01,staromestska-radnice,Prague - astronomical clock.jpg,https://commons.wikimedia.org/wiki/File:Prague_-_astronomical_clock.jpg,CC BY-SA 4.0,Adámoz,True,True,False,/images/staromestska-radnice-01.webp,"Před vydáním zkontrolovat autora, licenci a její aktuální stav přímo na stránce souboru; zachovat povinné atribuce a informaci o úpravách."
staromestska-radnice-02,staromestska-radnice,2017-06-03 Prague Astronomical Clock.jpg,https://commons.wikimedia.org/wiki/File:2017-06-03_Prague_Astronomical_Clock.jpg,CC BY-SA 4.0,,True,False,False,/images/staromestska-radnice-02.webp,"Před vydáním zkontrolovat autora, licenci a její aktuální stav přímo na stránce souboru; zachovat povinné atribuce a informaci o úpravách."
staromestska-radnice-03,staromestska-radnice,Prague Astronomical Clock Prague Orloj 5.jpg,https://commons.wikimedia.org/wiki/File:Prague_Astronomical_Clock_Prague_Orloj_5.jpg,CC BY-SA 4.0,EWilson,True,True,False,/images/staromestska-radnice-03.webp,"Před vydáním zkontrolovat autora, licenci a její aktuální stav přímo na stránce souboru; zachovat povinné atribuce a informaci o úpravách."
staromestska-radnice-04,staromestska-radnice,Old town square.jpg,https://commons.wikimedia.org/wiki/File:Old_town_square.jpg,CC BY-SA 3.0,xavi lópez,True,True,False,/images/staromestska-radnice-04.webp,"Před vydáním zkontrolovat autora, licenci a její aktuální stav přímo na stránce souboru; zachovat povinné atribuce a informaci o úpravách."
klementinum-01,klementinum,Klementinum.jpg,https://commons.wikimedia.org/wiki/File:Klementinum.jpg,CC BY-SA 4.0,VitVit,True,True,False,/images/klementinum-01.webp,"Před vydáním zkontrolovat autora, licenci a její aktuální stav přímo na stránce souboru; zachovat povinné atribuce a informaci o úpravách."
klementinum-02,klementinum,Klementinum – průčelí z Mariánského náměstí.jpg,https://commons.wikimedia.org/wiki/File:Klementinum_%E2%80%93_pr%C5%AF%C4%8Del%C3%AD_z_Mari%C3%A1nsk%C3%A9ho_n%C3%A1m%C4%9Bst%C3%AD.jpg,CC BY-SA 4.0,Skot,True,True,False,/images/klementinum-02.webp,"Před vydáním zkontrolovat autora, licenci a její aktuální stav přímo na stránce souboru; zachovat povinné atribuce a informaci o úpravách."
petrinska-rozhledna-01,petrinska-rozhledna,Petřínská rozhledna-Prague.jpg,https://commons.wikimedia.org/wiki/File:Pet%C5%99%C3%ADnsk%C3%A1_rozhledna-Prague.jpg,CC BY-SA 3.0,,True,False,False,/images/petrinska-rozhledna-01.webp,"Před vydáním zkontrolovat autora, licenci a její aktuální stav přímo na stránce souboru; zachovat povinné atribuce a informaci o úpravách."
petrinska-rozhledna-02,petrinska-rozhledna,Petřínská rozhledna – tower.jpg,https://commons.wikimedia.org/wiki/File:Pet%C5%99%C3%ADnsk%C3%A1_rozhledna_%E2%80%93_tower.jpg,CC BY-SA 3.0,Pan krzyżówka,True,True,False,/images/petrinska-rozhledna-02.webp,"Před vydáním zkontrolovat autora, licenci a její aktuální stav přímo na stránce souboru; zachovat povinné atribuce a informaci o úpravách."
petrinska-rozhledna-03,petrinska-rozhledna,Petřínská rozhledna na jaře.JPG,https://commons.wikimedia.org/wiki/File:Pet%C5%99%C3%ADnsk%C3%A1_rozhledna_na_ja%C5%99e.JPG,CC BY-SA 4.0,,True,False,False,/images/petrinska-rozhledna-03.webp,"Před vydáním zkontrolovat autora, licenci a její aktuální stav přímo na stránce souboru; zachovat povinné atribuce a informaci o úpravách."
vysehrad-01,vysehrad,Vyšehrad.jpg,https://commons.wikimedia.org/wiki/File:Vy%C5%A1ehrad.jpg,CC BY-SA 4.0,,True,False,False,/images/vysehrad-01.webp,"Před vydáním zkontrolovat autora, licenci a její aktuální stav přímo na stránce souboru; zachovat povinné atribuce a informaci o úpravách."
narodni-muzeum-01,narodni-muzeum,Národní muzeum -.jpg,https://commons.wikimedia.org/wiki/File:N%C3%A1rodn%C3%AD_muzeum_-.jpg,CC BY-SA 4.0,Elekes Andor,True,True,False,/images/narodni-muzeum-01.webp,"Před vydáním zkontrolovat autora, licenci a její aktuální stav přímo na stránce souboru; zachovat povinné atribuce a informaci o úpravách."
zoo-praha-01,zoo-praha,"Zoo Praha, kůň Převalského.jpg",https://commons.wikimedia.org/wiki/File:Zoo_Praha%2C_k%C5%AF%C5%88_P%C5%99evalsk%C3%A9ho.jpg,CC BY-SA 4.0,Palickap,True,True,False,/images/zoo-praha-01.webp,"Před vydáním zkontrolovat autora, licenci a její aktuální stav přímo na stránce souboru; zachovat povinné atribuce a informaci o úpravách."
zoo-praha-02,zoo-praha,"Zoo Praha, papoušek nádherný.jpg",https://commons.wikimedia.org/wiki/File:Zoo_Praha%2C_papou%C5%A1ek_n%C3%A1dhern%C3%BD.jpg,CC BY-SA 4.0,Palickap,True,True,False,/images/zoo-praha-02.webp,"Před vydáním zkontrolovat autora, licenci a její aktuální stav přímo na stránce souboru; zachovat povinné atribuce a informaci o úpravách."
zoo-praha-03,zoo-praha,"Zoo Praha, pavilon indonéské džungle (1).jpg",https://commons.wikimedia.org/wiki/File:Zoo_Praha%2C_pavilon_indon%C3%A9sk%C3%A9_d%C5%BEungle_(1).jpg,CC BY-SA 4.0,Palickap,True,True,False,/images/zoo-praha-03.webp,"Před vydáním zkontrolovat autora, licenci a její aktuální stav přímo na stránce souboru; zachovat povinné atribuce a informaci o úpravách."
zoo-praha-04,zoo-praha,"Zoo Praha, lanovka.jpg",https://commons.wikimedia.org/wiki/File:Zoo_Praha%2C_lanovka.jpg,CC BY-SA 4.0,Palickap,True,True,False,/images/zoo-praha-04.webp,"Před vydáním zkontrolovat autora, licenci a její aktuální stav přímo na stránce souboru; zachovat povinné atribuce a informaci o úpravách."
botanicka-troja-01,botanicka-troja,"Praha, Troja, Botanická zahrada, Japonská zahrada.jpg",https://commons.wikimedia.org/wiki/File:Praha%2C_Troja%2C_Botanick%C3%A1_zahrada%2C_Japonsk%C3%A1_zahrada.jpg,CC BY-SA 3.0,Aktron,True,True,False,/images/botanicka-troja-01.webp,"Před vydáním zkontrolovat autora, licenci a její aktuální stav přímo na stránce souboru; zachovat povinné atribuce a informaci o úpravách."
botanicka-troja-02,botanicka-troja,"Praha, Trója, Botanická zahrada, oblast Mediterán.jpg",https://commons.wikimedia.org/wiki/File:Praha%2C_Tr%C3%B3ja%2C_Botanick%C3%A1_zahrada%2C_oblast_Mediter%C3%A1n.jpg,CC BY-SA 2.5,Aktron,True,True,False,/images/botanicka-troja-02.webp,"Před vydáním zkontrolovat autora, licenci a její aktuální stav přímo na stránce souboru; zachovat povinné atribuce a informaci o úpravách."
botanicka-troja-03,botanicka-troja,"Praha, Troja, Botanická zahrada, Vinice svaté Kláry, pohled na Prahu.JPG",https://commons.wikimedia.org/wiki/File:Praha%2C_Troja%2C_Botanick%C3%A1_zahrada%2C_Vinice_svat%C3%A9_Kl%C3%A1ry%2C_pohled_na_Prahu.JPG,CC BY 3.0,,True,False,False,/images/botanicka-troja-03.webp,"Před vydáním zkontrolovat autora, licenci a její aktuální stav přímo na stránce souboru; zachovat povinné atribuce a informaci o úpravách."
zizkovska-vez-01,zizkovska-vez,"Žižkov Television Tower, a distinctive landmark in Prague, Czech Republic.jpg",https://commons.wikimedia.org/wiki/File:%C5%BDi%C5%BEkov_Television_Tower%2C_a_distinctive_landmark_in_Prague%2C_Czech_Republic.jpg,CC BY-SA 4.0,SamadAnser,True,True,False,/images/zizkovska-vez-01.webp,"Před vydáním zkontrolovat autora, licenci a její aktuální stav přímo na stránce souboru; zachovat povinné atribuce a informaci o úpravách."
zizkovska-vez-02,zizkovska-vez,Zizkov Television Tower Prague.jpg,https://commons.wikimedia.org/wiki/File:Zizkov_Television_Tower_Prague.jpg,CC BY-SA 3.0,David Bjorgen,True,True,False,/images/zizkovska-vez-02.webp,"Před vydáním zkontrolovat autora, licenci a její aktuální stav přímo na stránce souboru; zachovat povinné atribuce a informaci o úpravách."
zizkovska-vez-03,zizkovska-vez,Žižkov TV Tower.JPG,https://commons.wikimedia.org/wiki/File:%C5%BDi%C5%BEkov_TV_Tower.JPG,CC BY-SA 3.0,David Sedlecký,True,True,False,/images/zizkovska-vez-03.webp,"Před vydáním zkontrolovat autora, licenci a její aktuální stav přímo na stránce souboru; zachovat povinné atribuce a informaci o úpravách."
zizkovska-vez-04,zizkovska-vez,"Zizkov TV Tower, Prague (3553952882).jpg",https://commons.wikimedia.org/wiki/File:Zizkov_TV_Tower%2C_Prague_(3553952882).jpg,CC BY-SA 2.0,Chris Young,True,True,False,/images/zizkovska-vez-04.webp,"Před vydáním zkontrolovat autora, licenci a její aktuální stav přímo na stránce souboru; zachovat povinné atribuce a informaci o úpravách."
